left_source,left_record_id,left_name,right_source,right_record_id,right_name,entity_key,evidence,decision,review_note
asic_company,000145657,AITKEN SPARES PTY LTD,ato_corporate_tax_2023_24,29000145657,DANA AUSTRALIA (HOLDINGS) PTY LTD,abn:29000145657,"[{""kind"": ""exact_identifier"", ""field"": ""entity.abn"", ""value"": ""29000145657""}]",confirmed,Exact ABN agreement manually checked; name variation accepted.
asic_company,000096122,CHUBB AUSTRALIA LTD,ato_corporate_tax_2023_24,13000096122,CHUBB AUSTRALIA PTY LTD,abn:13000096122,"[{""kind"": ""exact_identifier"", ""field"": ""entity.abn"", ""value"": ""13000096122""}]",confirmed,Exact ABN agreement manually checked; name variation accepted.
asic_company,000100096,3M AUSTRALIA PTY LTD,ato_corporate_tax_2023_24,90000100096,3M AUSTRALIA PTY LTD,abn:90000100096,"[{""kind"": ""exact_identifier"", ""field"": ""entity.abn"", ""value"": ""90000100096""}]",confirmed,Exact ABN agreement manually checked; name variation accepted.
abn_bulk_extract,11000152429,STANDARD ENGRAVING CO PTY LTD,asic_company,000152429,STANDARD ENGRAVING CO PTY LTD,abn:11000152429,"[{""kind"": ""exact_identifier"", ""field"": ""entity.abn"", ""value"": ""11000152429""}]",confirmed,Exact ABN agreement manually checked; name variation accepted.
abn_bulk_extract,11002058127,BURRUM BENEVOLENT SOCIETY INC,acnc_ais_2023,11002058127,Burrum Benevolent Society Inc,abn:11002058127,"[{""kind"": ""exact_identifier"", ""field"": ""entity.abn"", ""value"": ""11002058127""}]",confirmed,Exact ABN agreement manually checked; name variation accepted.
asic_company,000000715,AUB GROUP LIMITED,ato_corporate_tax_2023_24,60000000715,AUB GROUP LIMITED,abn:60000000715,"[{""kind"": ""exact_identifier"", ""field"": ""entity.abn"", ""value"": ""60000000715""}]",confirmed,Exact ABN agreement manually checked; name variation accepted.
acnc_ais_2023,14000025267,Winifred West Schools Ltd,asic_company,000025267,WINIFRED WEST SCHOOLS LTD,abn:14000025267,"[{""kind"": ""exact_identifier"", ""field"": ""entity.abn"", ""value"": ""14000025267""}]",confirmed,Exact ABN agreement manually checked; name variation accepted.
abn_bulk_extract,11000003378,BBC HARDWARE LIMITED,asic_company,000003378,BBC HARDWARE LIMITED,abn:11000003378,"[{""kind"": ""exact_identifier"", ""field"": ""entity.abn"", ""value"": ""11000003378""}]",confirmed,Exact ABN agreement manually checked; name variation accepted.
abn_bulk_extract,11000037409,FOREST COACH LINES PTY LTD,asic_company,000037409,FOREST COACH LINES PTY LTD,abn:11000037409,"[{""kind"": ""exact_identifier"", ""field"": ""entity.abn"", ""value"": ""11000037409""}]",confirmed,Exact ABN agreement manually checked; name variation accepted.
asic_company,000069714,BRIDGESTONE EARTHMOVER TYRES PTY LTD,ato_corporate_tax_2023_24,74000069714,BRIDGESTONE MINING SOLUTIONS AUSTRALIA PTY LTD,abn:74000069714,"[{""kind"": ""exact_identifier"", ""field"": ""entity.abn"", ""value"": ""74000069714""}]",confirmed,Exact ABN agreement manually checked; name variation accepted.
abn_bulk_extract,11001350867,SUBUD AUSTRALIA,acnc_ais_2023,11001350867,Subud Australia,abn:11001350867,"[{""kind"": ""exact_identifier"", ""field"": ""entity.abn"", ""value"": ""11001350867""}]",confirmed,Exact ABN agreement manually checked; name variation accepted.
asic_company,000025623,BDF AUSTRALIA LTD,ato_corporate_tax_2023_24,98000025623,BEIERSDORF AUSTRALIA LIMITED,abn:98000025623,"[{""kind"": ""exact_identifier"", ""field"": ""entity.abn"", ""value"": ""98000025623""}]",confirmed,Exact ABN agreement manually checked; name variation accepted.
asic_company,000028526,BRICKWORKS LTD,ato_corporate_tax_2023_24,17000028526,BRICKWORKS LIMITED,abn:17000028526,"[{""kind"": ""exact_identifier"", ""field"": ""entity.abn"", ""value"": ""17000028526""}]",confirmed,Exact ABN agreement manually checked; name variation accepted.
abn_bulk_extract,11000007876,AMPOL PETROLEUM PTY LTD,asic_company,000007876,AMPOL PETROLEUM PTY LTD,abn:11000007876,"[{""kind"": ""exact_identifier"", ""field"": ""entity.abn"", ""value"": ""11000007876""}]",confirmed,Exact ABN agreement manually checked; name variation accepted.
abn_bulk_extract,11000016722,INSURANCE AUSTRALIA LIMITED,asic_company,000016722,INSURANCE AUSTRALIA LIMITED,abn:11000016722,"[{""kind"": ""exact_identifier"", ""field"": ""entity.abn"", ""value"": ""11000016722""}]",confirmed,Exact ABN agreement manually checked; name variation accepted.
asic_company,000005103,AMALGAMATED HOLDINGS LTD,ato_corporate_tax_2023_24,51000005103,EVT LIMITED,abn:51000005103,"[{""kind"": ""exact_identifier"", ""field"": ""entity.abn"", ""value"": ""51000005103""}]",confirmed,Exact ABN agreement manually checked; name variation accepted.
abn_bulk_extract,11000056860,GUNNEDAH SERVICES AND BOWLING CLUB,asic_company,000056860,GUNNEDAH SERVICES AND BOWLING CLUB,abn:11000056860,"[{""kind"": ""exact_identifier"", ""field"": ""entity.abn"", ""value"": ""11000056860""}]",confirmed,Exact ABN agreement manually checked; name variation accepted.
abn_bulk_extract,11000101324,E & M GREENFIELD (SLIDE FASTENERS) PTY LTD,asic_company,000101324,E & M GREENFIELD (SLIDE FASTENERS) PTY LTD,abn:11000101324,"[{""kind"": ""exact_identifier"", ""field"": ""entity.abn"", ""value"": ""11000101324""}]",confirmed,Exact ABN agreement manually checked; name variation accepted.
abn_bulk_extract,11003429338,ISCAST LTD,acnc_ais_2023,11003429338,ISCAST LTD,abn:11003429338,"[{""kind"": ""exact_identifier"", ""field"": ""entity.abn"", ""value"": ""11003429338""}]",confirmed,Exact ABN agreement manually checked; name variation accepted.
acnc_ais_2023,11000047950,Sydney Missionary & Bible College,asic_company,000047950,SYDNEY MISSIONARY & BIBLE COLLEGE,abn:11000047950,"[{""kind"": ""exact_identifier"", ""field"": ""entity.abn"", ""value"": ""11000047950""}]",confirmed,Exact ABN agreement manually checked; name variation accepted.
asic_company,000123071,GOODMAN INTERNATIONAL LIMITED,ato_corporate_tax_2023_24,69000123071,GOODMAN LIMITED,abn:69000123071,"[{""kind"": ""exact_identifier"", ""field"": ""entity.abn"", ""value"": ""69000123071""}]",confirmed,Exact ABN agreement manually checked; name variation accepted.
abn_bulk_extract,11000131742,NORFOLK PTY LTD,asic_company,000131742,NORFOLK PTY LTD,abn:11000131742,"[{""kind"": ""exact_identifier"", ""field"": ""entity.abn"", ""value"": ""11000131742""}]",confirmed,Exact ABN agreement manually checked; name variation accepted.
abn_bulk_extract,11003362481,LASERCRAFT AUSTRALIA LTD,acnc_ais_2023,11003362481,Lasercraft Australia Ltd,abn:11003362481,"[{""kind"": ""exact_identifier"", ""field"": ""entity.abn"", ""value"": ""11003362481""}]",confirmed,Exact ABN agreement manually checked; name variation accepted.
abn_bulk_extract,11000091690,A.J. EDDEN PTY LTD,asic_company,000091690,A.J. EDDEN PTY LTD,abn:11000091690,"[{""kind"": ""exact_identifier"", ""field"": ""entity.abn"", ""value"": ""11000091690""}]",confirmed,Exact ABN agreement manually checked; name variation accepted.
acnc_ais_2023,13000071438,Australian Church Record,asic_company,000071438,AUSTRALIAN CHURCH RECORD,abn:13000071438,"[{""kind"": ""exact_identifier"", ""field"": ""entity.abn"", ""value"": ""13000071438""}]",confirmed,Exact ABN agreement manually checked; name variation accepted.
asic_company,000146672,DE BORTOLI WINES PTY LIMITED,ato_corporate_tax_2023_24,77000146672,DE BORTOLI WINES PTY LIMITED,abn:77000146672,"[{""kind"": ""exact_identifier"", ""field"": ""entity.abn"", ""value"": ""77000146672""}]",confirmed,Exact ABN agreement manually checked; name variation accepted.
abn_bulk_extract,11000013098,SYDNEY NIGHT PATROL & INQUIRY CO PTY LTD,asic_company,000013098,SYDNEY NIGHT PATROL & INQUIRY CO PTY LTD,abn:11000013098,"[{""kind"": ""exact_identifier"", ""field"": ""entity.abn"", ""value"": ""11000013098""}]",confirmed,Exact ABN agreement manually checked; name variation accepted.
asic_company,000000117,BANQUE NATIONALE DE PARIS,ato_corporate_tax_2023_24,23000000117,BNP PARIBAS S.A.,abn:23000000117,"[{""kind"": ""exact_identifier"", ""field"": ""entity.abn"", ""value"": ""23000000117""}]",confirmed,Exact ABN agreement manually checked; name variation accepted.
abn_bulk_extract,11000135419,STRONE PROPERTIES PTY LTD,asic_company,000135419,STRONE PROPERTIES PTY LTD,abn:11000135419,"[{""kind"": ""exact_identifier"", ""field"": ""entity.abn"", ""value"": ""11000135419""}]",confirmed,Exact ABN agreement manually checked; name variation accepted.
asic_company,000031130,CASE CORPORATION PTY LTD,ato_corporate_tax_2023_24,76000031130,CNH INDUSTRIAL AUSTRALIA PTY LTD,abn:76000031130,"[{""kind"": ""exact_identifier"", ""field"": ""entity.abn"", ""value"": ""76000031130""}]",confirmed,Exact ABN agreement manually checked; name variation accepted.
abn_bulk_extract,11000073870,INTEGRICARE LIMITED,asic_company,000073870,COMMUNICARE SYDNEY,abn:11000073870,"[{""kind"": ""exact_identifier"", ""field"": ""entity.abn"", ""value"": ""11000073870""}]",confirmed,Exact ABN agreement manually checked; name variation accepted.
abn_bulk_extract,11000000948,QBE INSURANCE (INTERNATIONAL) LTD,asic_company,000000948,QBE INSURANCE (INTERNATIONAL) LTD,abn:11000000948,"[{""kind"": ""exact_identifier"", ""field"": ""entity.abn"", ""value"": ""11000000948""}]",confirmed,Exact ABN agreement manually checked; name variation accepted.
abn_bulk_extract,11001209490,THE KILLARNEY SCHOOL LTD,acnc_ais_2023,11001209490,THE KILLARNEY SCHOOL LTD,abn:11001209490,"[{""kind"": ""exact_identifier"", ""field"": ""entity.abn"", ""value"": ""11001209490""}]",confirmed,Exact ABN agreement manually checked; name variation accepted.
abn_bulk_extract,11000078357,BRADFORD INSULATION INDUSTRIES PTY. LIMITED,asic_company,000078357,B.I. (SYDNEY) PTY. LIMITED,abn:11000078357,"[{""kind"": ""exact_identifier"", ""field"": ""entity.abn"", ""value"": ""11000078357""}]",confirmed,Exact ABN agreement manually checked; name variation accepted.
asic_company,000001276,CSR LIMITED,ato_corporate_tax_2023_24,90000001276,CSR LIMITED,abn:90000001276,"[{""kind"": ""exact_identifier"", ""field"": ""entity.abn"", ""value"": ""90000001276""}]",confirmed,Exact ABN agreement manually checked; name variation accepted.
asic_company,000095607,CANTARELLA BROS PTY LTD,ato_corporate_tax_2023_24,68000095607,CANTARELLA BROS PTY LTD,abn:68000095607,"[{""kind"": ""exact_identifier"", ""field"": ""entity.abn"", ""value"": ""68000095607""}]",confirmed,Exact ABN agreement manually checked; name variation accepted.
abn_bulk_extract,11001241005,WANGARANG INDUSTRIES LIMITED,acnc_ais_2023,11001241005,Wangarang Industries Limited,abn:11001241005,"[{""kind"": ""exact_identifier"", ""field"": ""entity.abn"", ""value"": ""11001241005""}]",confirmed,Exact ABN agreement manually checked; name variation accepted.
asic_company,000074573,DAVID JONES (AUSTRALIA) LIMITED,ato_corporate_tax_2023_24,75000074573,DAVID JONES PTY LIMITED,abn:75000074573,"[{""kind"": ""exact_identifier"", ""field"": ""entity.abn"", ""value"": ""75000074573""}]",confirmed,Exact ABN agreement manually checked; name variation accepted.
abn_bulk_extract,11000066580,ASHCROFT FREEHOLDS PTY LTD,asic_company,000066580,ASHCROFT FREEHOLDS PTY LTD,abn:11000066580,"[{""kind"": ""exact_identifier"", ""field"": ""entity.abn"", ""value"": ""11000066580""}]",confirmed,Exact ABN agreement manually checked; name variation accepted.
asic_company,000064086,BROWN-FORMAN AUSTRALIA PTY LIMITED,ato_corporate_tax_2023_24,87000064086,BROWN-FORMAN AUSTRALIA PTY LIMITED,abn:87000064086,"[{""kind"": ""exact_identifier"", ""field"": ""entity.abn"", ""value"": ""87000064086""}]",confirmed,Exact ABN agreement manually checked; name variation accepted.
abn_bulk_extract,11004089936,COLES GROUP LIMITED,ato_corporate_tax_2023_24,11004089936,COLES GROUP LIMITED,abn:11004089936,"[{""kind"": ""exact_identifier"", ""field"": ""entity.abn"", ""value"": ""11004089936""}]",confirmed,Exact ABN agreement manually checked; name variation accepted.
asic_company,000080179,BLACKWOOD HODGE (AUSTRALIA) PTY LTD,ato_corporate_tax_2023_24,62000080179,HITACHI CONSTRUCTION MACHINERY (AUSTRALIA) PTY LTD,abn:62000080179,"[{""kind"": ""exact_identifier"", ""field"": ""entity.abn"", ""value"": ""62000080179""}]",confirmed,Exact ABN agreement manually checked; name variation accepted.
abn_bulk_extract,11004675129,BMW AUSTRALIA LTD.,ato_corporate_tax_2023_24,11004675129,BMW AUSTRALIA LIMITED,abn:11004675129,"[{""kind"": ""exact_identifier"", ""field"": ""entity.abn"", ""value"": ""11004675129""}]",confirmed,Exact ABN agreement manually checked; name variation accepted.
asic_company,000017372,AMCOR LTD,ato_corporate_tax_2023_24,62000017372,AMCOR PTY LTD,abn:62000017372,"[{""kind"": ""exact_identifier"", ""field"": ""entity.abn"", ""value"": ""62000017372""}]",confirmed,Exact ABN agreement manually checked; name variation accepted.
asic_company,000017489,GOODYEAR AUSTRALIA LTD,ato_corporate_tax_2023_24,75000017489,GOODYEAR AUSTRALIA PTY LTD,abn:75000017489,"[{""kind"": ""exact_identifier"", ""field"": ""entity.abn"", ""value"": ""75000017489""}]",confirmed,Exact ABN agreement manually checked; name variation accepted.
abn_bulk_extract,11000143082,"MORRIS, MCMAHON & CO PTY LTD",asic_company,000143082,"MORRIS, MCMAHON & CO PTY LTD",abn:11000143082,"[{""kind"": ""exact_identifier"", ""field"": ""entity.abn"", ""value"": ""11000143082""}]",confirmed,Exact ABN agreement manually checked; name variation accepted.
abn_bulk_extract,11001233790,"THE GREEK ORTHODOX CHURCH & COMMUNITY OF THE ""HOLY APOSTLES"" CITY OF NEWCASTLE & DISTRICT LIMITED",acnc_ais_2023,11001233790,The Greek Orthodox Church & Community Of The Holy Apostles City Of Newcastle & District Limited,abn:11001233790,"[{""kind"": ""exact_identifier"", ""field"": ""entity.abn"", ""value"": ""11001233790""}]",confirmed,Exact ABN agreement manually checked; name variation accepted.
abn_bulk_extract,11002317133,CRAWFORD & COMPANY (AUSTRALIA) PTY. LTD.,ato_corporate_tax_2023_24,11002317133,CRAWFORD & COMPANY (AUSTRALIA) PTY LTD,abn:11002317133,"[{""kind"": ""exact_identifier"", ""field"": ""entity.abn"", ""value"": ""11002317133""}]",confirmed,Exact ABN agreement manually checked; name variation accepted.
asic_company,000087936,JAYCAR PTY LTD,ato_corporate_tax_2023_24,65000087936,JAYCAR PTY LTD,abn:65000087936,"[{""kind"": ""exact_identifier"", ""field"": ""entity.abn"", ""value"": ""65000087936""}]",confirmed,Exact ABN agreement manually checked; name variation accepted.
abn_bulk_extract,11000062082,DIWING PTY LTD,asic_company,000062082,DIWING PTY LTD,abn:11000062082,"[{""kind"": ""exact_identifier"", ""field"": ""entity.abn"", ""value"": ""11000062082""}]",confirmed,Exact ABN agreement manually checked; name variation accepted.
