shortlist_rank,dataset_id,title,publisher,resource_formats,confidence,score,reason,dataset_url,contains_business_entities,review_notes
1,8a1ad782-3d60-4c34-8cd8-f11c031947b7,Fair Jobs Code Registers,"Department of Jobs, Skills, Industry and Regions",csv,high,55,"Metadata signals: business, businesses, contractor; machine-readable resource available",None,yes,"Register explicitly covers suppliers and businesses."
5,db8def1b-b3ba-4536-98eb-60c99e5495e5,ACNC 2021 Annual Information Statement (AIS) Data,Australian Charities and Not-for-profits Commission (ACNC),csv;pdf;xlsx,high,40,"Metadata signals: acn, charities, charity; machine-readable resource available",None,yes,"Registered-charity annual statements identify organisations."
10,7e073d71-4eef-4f0c-921b-9880fb59b206,ACNC 2016 Annual Information Statement Data,Australian Charities and Not-for-profits Commission (ACNC),pdf;xlsx,high,37,"Metadata signals: acn, charities, charity; machine-readable resource available",None,yes,"Registered-charity annual statements identify organisations."
15,a66013f6-07db-433b-bc6a-984b249a1013,Tenders WA Contract Award Details 2022-23 Financial Year,Department of Treasury and Finance,.csv,high,37,"Metadata signals: procurement, supplier, suppliers",None,yes,"Description states awarded contracts include awarded suppliers."
16,90b272e8-9ae0-4995-8dc9-86f8249b51d1,Tenders WA Contract Award Details 2023-24 Financial Year,Department of Treasury and Finance,.csv,high,37,"Metadata signals: procurement, supplier, suppliers",None,yes,"Description states awarded contracts include awarded suppliers."
19,a7bbbf64-e2ef-4d96-9fb4-0aea73ada2af,ASIC – Australian Financial Services Authorised Representative Dataset,Australian Securities and Investments Commission (ASIC),csv;pdf;xlsx,high,34,"Metadata signals: abn, acn, business; machine-readable resource available",None,yes,"ASIC representative data includes identifiable licence-related businesses."
20,9c7bc715-c8c4-46ac-b984-50ac5f6d1231,"Companies, Rockhampton 1904-1975",Queensland State Archives,csv,high,33,"Metadata signals: business, businesses, companies; machine-readable resource available",https://www.archivessearch.qld.gov.au/series/S20595,yes,"Index to registered-company records."
24,cc9d8524-39d8-4374-84b9-20e9d1070e82,ACNC 2013 Annual Information Statement data,Australian Charities and Not-for-profits Commission (ACNC),pdf;xlsx,high,32,"Metadata signals: acn, charities, charity; machine-readable resource available",None,yes,"Registered-charity annual statements identify organisations."
25,d7992845-5d3b-4868-b012-71f672085412,ACNC 2014 Annual Information Statement data,Australian Charities and Not-for-profits Commission (ACNC),pdf;xlsx,high,32,"Metadata signals: acn, charities, charity; machine-readable resource available",None,yes,"Registered-charity annual statements identify organisations."
28,b2e684fe-d2a3-4d80-bdac-5c6fa4df600d,Charity Licences,Attorney-General's Department,doc;html,high,29,"Metadata signals: business, charity, licence",None,yes,"Public licence-detail dataset identifies charities."
30,2c459ebc-fe63-43c3-803f-bd02e4eebeb0,Jan-Jun 2019 RFx Responses Received TendersACT,ACT Government Open Data,csv;json;xml,high,29,"Metadata signals: procurement, tender, tenders; machine-readable resource available",None,yes,"Tender-response records plausibly identify responding suppliers."
31,47a2e380-85d9-4647-b29f-e228ff5893fb,Jul-Dec 19 RFx Responses Received by TendersACT,ACT Government Open Data,csv;json;xml,high,29,"Metadata signals: procurement, tender, tenders; machine-readable resource available",None,yes,"Tender-response records plausibly identify responding suppliers."
33,efe713db-f91e-4708-9edb-e3d3e321cfee,Latest Approaches to Markets listed on AusTender,Department of Finance,rss,high,28,"Metadata signals: business, procurement, tender",None,no,"Market-opportunity feed identifies opportunities, not supplier entities."
34,86cad799-2601-4f23-b02c-c4c0fc3b6aff,ACNC 2015 Annual Information Statement Data,Australian Charities and Not-for-profits Commission (ACNC),pdf;xls;xlsx,high,27,"Metadata signals: acn, charities, charity; machine-readable resource available",None,yes,"Registered-charity annual statements identify organisations."
37,08327154-57c8-483a-bff8-b941eba62832,Public Trust and Confidence in Australian Charities 2017,Australian Charities and Not-for-profits Commission (ACNC),xlsx,high,27,"Metadata signals: acn, charities; machine-readable resource available",None,no,"Survey responses measure public attitudes and do not identify charity entities."
39,28e07054-ae9f-4a81-a766-06686274039f,Contractor Central,ACT Government Open Data,csv;json;xml,high,26,"Metadata signals: contractor, supplier, tender; machine-readable resource available",None,yes,"Program description identifies recruitment-agency suppliers."
43,3a3661a8-ee5d-4165-be5c-018634ca7202,ABN Lookup web services,Australian Business Register,xml,high,24,"Metadata signals: abn, business; machine-readable resource available",None,yes,"ABN service returns Australian Business Register entity data."
45,5ddbf57c-94c3-4dd2-b41c-c1e90b9a3841,IPGOD2020,IP Australia,csv;pdf,high,24,"Metadata signals: abn, australian business number, business; machine-readable resource available",None,yes,"IP-rights records include identifiable applicants, owners, and transfers."
46,49017fd0-e7be-4fc0-88c8-046fc366d980,IPGOD2022,IP Australia,csv;pdf;zip,high,24,"Metadata signals: abn, australian business number, business; machine-readable resource available",None,yes,"IP-rights records include identifiable applicants, owners, and transfers."
48,c7ca97bd-c09a-4e1b-b48a-821d99105b69,Approved Public Record Office Victoria Storage Suppliers (APROSS)20-21,Public Records Office Victoria,csv,high,23,"Metadata signals: supplier, suppliers; machine-readable resource available",None,yes,"Approved-storage-supplier list identifies supplier businesses."
