dataset_id,title,publisher,resource_formats,confidence,score,reason,dataset_url
8a1ad782-3d60-4c34-8cd8-f11c031947b7,Fair Jobs Code Registers,"Department of Jobs, Skills, Industry and Regions",csv,high,55,"Metadata signals: business, businesses, contractor; machine-readable resource available",None
5bd7fcab-e315-42cb-8daf-50b7efc2027e,ABN Bulk Extract,Australian Business Register,csv;pdf;xml;zip,high,54,"Metadata signals: abn, australian business number, acn; machine-readable resource available",None
7b8656f9-606d-4337-af29-66b89b2eeefb,ASIC - Company Dataset,Australian Securities and Investments Commission (ASIC),csv;pdf;zip,high,51,"Metadata signals: abn, australian business number, acn; machine-readable resource available",None
28a94374-d516-4200-a6f8-c09e76f58cc5,ACNC 2020 Annual Information Statement (AIS) Data,Australian Charities and Not-for-profits Commission (ACNC),csv;pdf;xlsx;xslx,high,40,"Metadata signals: acn, charities, charity; machine-readable resource available",None
db8def1b-b3ba-4536-98eb-60c99e5495e5,ACNC 2021 Annual Information Statement (AIS) Data,Australian Charities and Not-for-profits Commission (ACNC),csv;pdf;xlsx,high,40,"Metadata signals: acn, charities, charity; machine-readable resource available",None
311c24f3-fc09-42e7-8362-f15a76334a75,ACNC 2022 Annual Information Statement (AIS) Data,Australian Charities and Not-for-profits Commission (ACNC),.pdf;csv;xlsx,high,40,"Metadata signals: acn, charities, charity; machine-readable resource available",None
ff6905d6-9d5d-4ef1-8478-72b833864fb7,ACNC 2023 Annual Information Statement (AIS) Data,Australian Charities and Not-for-profits Commission (ACNC),csv;pdf;xlsx,high,40,"Metadata signals: acn, charities, charity; machine-readable resource available",None
ab7eddce-84df-4098-bc8f-500d0d9776d1,ASIC - Australian Financial Services Licensee Dataset,Australian Securities and Investments Commission (ASIC),csv;pdf;tsv;xlsx,high,39,"Metadata signals: abn, acn, business; machine-readable resource available",None
fa0b0d71-b8b8-4af8-bc59-0b000ce0d5e4,ASIC – Credit Licensee Dataset,Australian Securities and Investments Commission (ASIC),csv;pdf;tsv;xlsx,high,39,"Metadata signals: abn, acn, business; machine-readable resource available",None
7e073d71-4eef-4f0c-921b-9880fb59b206,ACNC 2016 Annual Information Statement Data,Australian Charities and Not-for-profits Commission (ACNC),pdf;xlsx,high,37,"Metadata signals: acn, charities, charity; machine-readable resource available",None
a1f8626c-fefb-4c4d-86ea-deaa04fb1f6e,ACNC 2017 Annual Information Statement Data,Australian Charities and Not-for-profits Commission (ACNC),.pdf;excel (.xlsx);xlsx,high,37,"Metadata signals: acn, charities, charity; machine-readable resource available",None
cfc1a18e-f4e0-4ed8-9a19-36b59b7a3d5b,ACNC 2018 Annual Information Statement Data,Australian Charities and Not-for-profits Commission (ACNC),pdf;xlsx,high,37,"Metadata signals: acn, charities, charity; machine-readable resource available",None
276ec1bc-4971-461c-88bc-be9f3c99a0f8,ACNC 2024 Annual Information Statement (AIS) Data,Australian Charities and Not-for-profits Commission (ACNC),csv;pdf;xlsx,high,37,"Metadata signals: acn, charities, charity; machine-readable resource available",None
cab2f08c-6776-4328-b4b3-776f1f88eb3a,Tenders WA Contract Award Details 2021-22 Financial Year,Department of Treasury and Finance,.csv,high,37,"Metadata signals: procurement, supplier, suppliers",None
a66013f6-07db-433b-bc6a-984b249a1013,Tenders WA Contract Award Details 2022-23 Financial Year,Department of Treasury and Finance,.csv,high,37,"Metadata signals: procurement, supplier, suppliers",None
90b272e8-9ae0-4995-8dc9-86f8249b51d1,Tenders WA Contract Award Details 2023-24 Financial Year,Department of Treasury and Finance,.csv,high,37,"Metadata signals: procurement, supplier, suppliers",None
34b35c52-8af0-4cc1-aa0b-2278f6416d09,ACNC 2019 Annual Information Statement Data,Australian Charities and Not-for-profits Commission (ACNC),csv;pdf;xlsx,high,35,"Metadata signals: acn, charities, charity; machine-readable resource available",None
bc515135-4bb6-4d50-957a-3713709a76d3,ASIC - Business Names Dataset,Australian Securities and Investments Commission (ASIC),csv;pdf;zip,high,34,"Metadata signals: abn, australian business number, business; machine-readable resource available",None
a7bbbf64-e2ef-4d96-9fb4-0aea73ada2af,ASIC – Australian Financial Services Authorised Representative Dataset,Australian Securities and Investments Commission (ASIC),csv;pdf;xlsx,high,34,"Metadata signals: abn, acn, business; machine-readable resource available",None
9c7bc715-c8c4-46ac-b984-50ac5f6d1231,"Companies, Rockhampton 1904-1975",Queensland State Archives,csv,high,33,"Metadata signals: business, businesses, companies; machine-readable resource available",https://www.archivessearch.qld.gov.au/series/S20595
c2731ec2-fa18-4077-bcb2-e7a877e91718,State Theatre Company South Australia Contractors 2013-2024,State Theatre Company South Australia,csv,high,33,"Metadata signals: company, contractor, contractors; machine-readable resource available",None
04764f6a-0cc4-4f95-86c1-270e8bcdae9e,Townsville City Council Local Suppliers List,Townsville City Council,csv;xlsx,high,33,"Metadata signals: procurement, supplier, suppliers; machine-readable resource available",None
736343ac-9f16-4e1d-9161-3694c61ad9ff,Townsville City Council Value of Local Spend (Purchase Orders),Townsville City Council,csv;xlsx,high,33,"Metadata signals: procurement, supplier, suppliers; machine-readable resource available",None
cc9d8524-39d8-4374-84b9-20e9d1070e82,ACNC 2013 Annual Information Statement data,Australian Charities and Not-for-profits Commission (ACNC),pdf;xlsx,high,32,"Metadata signals: acn, charities, charity; machine-readable resource available",None
d7992845-5d3b-4868-b012-71f672085412,ACNC 2014 Annual Information Statement data,Australian Charities and Not-for-profits Commission (ACNC),pdf;xlsx,high,32,"Metadata signals: acn, charities, charity; machine-readable resource available",None
b050b242-4487-4306-abf5-07ca073e5594,ACNC Registered Charities,Australian Charities and Not-for-profits Commission (ACNC),csv;pdf;xlsx,high,32,"Metadata signals: acn, charities, charity; machine-readable resource available",None
1ca29b03-220d-4c19-b34e-c7932cd4508d,Victorian Government Schools ABNs,Department of Education,xlsx,high,32,"Metadata signals: abn, australian business number, business; machine-readable resource available",None
b2e684fe-d2a3-4d80-bdac-5c6fa4df600d,Charity Licences,Attorney-General's Department,doc;html,high,29,"Metadata signals: business, charity, licence",None
5715b850-a989-4343-a1e8-e779ec729de4,IPGOD2021 [SUPERSEDED],IP Australia,.pdf;csv;zip,high,29,"Metadata signals: abn, australian business number, business; machine-readable resource available",None
2c459ebc-fe63-43c3-803f-bd02e4eebeb0,Jan-Jun 2019 RFx Responses Received TendersACT,ACT Government Open Data,csv;json;xml,high,29,"Metadata signals: procurement, tender, tenders; machine-readable resource available",None
47a2e380-85d9-4647-b29f-e228ff5893fb,Jul-Dec 19 RFx Responses Received by TendersACT,ACT Government Open Data,csv;json;xml,high,29,"Metadata signals: procurement, tender, tenders; machine-readable resource available",None
a1aa7ef9-83d7-4e38-ab1b-3c8258fe987a,Townsville City Council Tender Activities,Townsville City Council,csv;xlsx,high,29,"Metadata signals: procurement, tender, tenders; machine-readable resource available",None
efe713db-f91e-4708-9edb-e3d3e321cfee,Latest Approaches to Markets listed on AusTender,Department of Finance,rss,high,28,"Metadata signals: business, procurement, tender",None
86cad799-2601-4f23-b02c-c4c0fc3b6aff,ACNC 2015 Annual Information Statement Data,Australian Charities and Not-for-profits Commission (ACNC),pdf;xls;xlsx,high,27,"Metadata signals: acn, charities, charity; machine-readable resource available",None
a3b6d445-3a00-409a-8b49-53dc62b823bf,ASIC – Credit Representative Dataset,Australian Securities and Investments Commission (ASIC),csv;pdf;tsv;xlsx,high,27,"Metadata signals: abn, acn, business; machine-readable resource available",None
23a01c58-5aee-4f8e-b33f-3d5e7923a057,Public trust and confidence in Australian charities 2015,Australian Charities and Not-for-profits Commission (ACNC),csv;xls,high,27,"Metadata signals: acn, charities; machine-readable resource available",None
08327154-57c8-483a-bff8-b941eba62832,Public Trust and Confidence in Australian Charities 2017,Australian Charities and Not-for-profits Commission (ACNC),xlsx,high,27,"Metadata signals: acn, charities; machine-readable resource available",None
67c0df26-9e6a-4a44-b92d-415a5dc356d7,AusTender ICT Procurement Statistics,Department of Finance,csv;excel (.xlsx);xlsx,high,26,"Metadata signals: business, procurement, tender; machine-readable resource available",None
28e07054-ae9f-4a81-a766-06686274039f,Contractor Central,ACT Government Open Data,csv;json;xml,high,26,"Metadata signals: contractor, supplier, tender; machine-readable resource available",None
c2524c87-cea4-4636-acac-599a82048a26,Corporate Tax Transparency,Australian Taxation Office,excel (.xlsx);xlsx,high,26,"Metadata signals: abn, companies, company; machine-readable resource available",None
81947a88-d4a3-4e02-8641-0d46a0f6047b,COVID-19 Business Support Grant Payment Outcomes,ACT Government Open Data,csv;json;xml,high,26,"Metadata signals: business, businesses, provider; machine-readable resource available",None
b86d41c4-5dc9-4ee7-a9c8-0240eeeb10aa,Prequalification Scheme: Contingent Workforce,Department of Customer Service,pdf,high,26,"Metadata signals: business, procurement, supplier",http://www.finance.nsw.gov.au/prequalification-scheme-contingent-workforce-financial-year-date-2014-2015
3a3661a8-ee5d-4165-be5c-018634ca7202,ABN Lookup web services,Australian Business Register,xml,high,24,"Metadata signals: abn, business; machine-readable resource available",None
f2b7c2c1-f4ef-4ae9-aba5-45c19e4d3038,ASIC – Financial Advisers Dataset,Australian Securities and Investments Commission (ASIC),csv;pdf;xlsx,high,24,"Metadata signals: abn, business, licence; machine-readable resource available",None
5ddbf57c-94c3-4dd2-b41c-c1e90b9a3841,IPGOD2020,IP Australia,csv;pdf,high,24,"Metadata signals: abn, australian business number, business; machine-readable resource available",None
49017fd0-e7be-4fc0-88c8-046fc366d980,IPGOD2022,IP Australia,csv;pdf;zip,high,24,"Metadata signals: abn, australian business number, business; machine-readable resource available",None
9584dbb5-2d1f-4a73-9bba-e1bae966c124,Notifiable Invoices Register,ACT Government Open Data,csv;json;xml,high,24,"Metadata signals: procurement, tender, tenders; machine-readable resource available",None
c7ca97bd-c09a-4e1b-b48a-821d99105b69,Approved Public Record Office Victoria Storage Suppliers (APROSS)20-21,Public Records Office Victoria,csv,high,23,"Metadata signals: supplier, suppliers; machine-readable resource available",None
1245351f-b017-4cf7-96da-49af0b02e039,Business establishments and jobs data by business size and CLUE industry in small areas,City of Melbourne,csv;geojson;json;xls,high,23,"Metadata signals: business, businesses; machine-readable resource available",https://data.melbourne.vic.gov.au/api/v2/catalog/datasets/business-establishments-and-jobs-data-by-business-size-and-clue-industry
80eaea1e-e238-47a5-a989-d6e5f3518d61,Business establishments and jobs data by business size and CLUE industry in small areas,City of Melbourne Open Data,csv;json,high,23,"Metadata signals: business, businesses; machine-readable resource available",None
